{"inputUnits":[63],"outputUnits":3,"inputs":{"0":{"dtype":"number","min":-0.07095135003328323,"max":0.45913165807724},"1":{"dtype":"number","min":0.5037918090820312,"max":0.9449832439422607},"2":{"dtype":"number","min":-5.927129791416519e-7,"max":6.870518518553581e-7},"3":{"dtype":"number","min":0.02117602527141571,"max":0.5185436010360718},"4":{"dtype":"number","min":0.48979464173316956,"max":0.9585660099983215},"5":{"dtype":"number","min":-0.08604612201452255,"max":0.023649215698242188},"6":{"dtype":"number","min":0.10590025782585144,"max":0.573800802230835},"7":{"dtype":"number","min":0.4770057499408722,"max":0.9279883503913879},"8":{"dtype":"number","min":-0.159207284450531,"max":0.02578851580619812},"9":{"dtype":"number","min":0.13307307660579681,"max":0.6165649890899658},"10":{"dtype":"number","min":0.40060389041900635,"max":0.9624910354614258},"11":{"dtype":"number","min":-0.2116256058216095,"max":0.021159209311008453},"12":{"dtype":"number","min":0.13969966769218445,"max":0.6590792536735535},"13":{"dtype":"number","min":0.33229759335517883,"max":1.0211446285247803},"14":{"dtype":"number","min":-0.25633248686790466,"max":0.015292744152247906},"15":{"dtype":"number","min":0.10066211223602295,"max":0.6474198698997498},"16":{"dtype":"number","min":0.43764469027519226,"max":0.8012909293174744},"17":{"dtype":"number","min":-0.22080126404762268,"max":0.016588732600212097},"18":{"dtype":"number","min":0.09268984198570251,"max":0.69861900806427},"19":{"dtype":"number","min":0.394727885723114,"max":0.9073116779327393},"20":{"dtype":"number","min":-0.2817119359970093,"max":0.018067900091409683},"21":{"dtype":"number","min":0.06182096526026726,"max":0.6607685089111328},"22":{"dtype":"number","min":0.32401490211486816,"max":1.0054576396942139},"23":{"dtype":"number","min":-0.2895210385322571,"max":0.014616694301366806},"24":{"dtype":"number","min":0.0366671085357666,"max":0.6997578144073486},"25":{"dtype":"number","min":0.25951746106147766,"max":1.0788837671279907},"26":{"dtype":"number","min":-0.2889353334903717,"max":0.0099113080650568},"27":{"dtype":"number","min":0.048317451030015945,"max":0.6599188446998596},"28":{"dtype":"number","min":0.4289149045944214,"max":0.8303822875022888},"29":{"dtype":"number","min":-0.19551941752433777,"max":0.020616421476006508},"30":{"dtype":"number","min":0.030474476516246796,"max":0.6902196407318115},"31":{"dtype":"number","min":0.4115123748779297,"max":0.9186674356460571},"32":{"dtype":"number","min":-0.25262320041656494,"max":0.04157828539609909},"33":{"dtype":"number","min":0.004703015089035034,"max":0.6560475826263428},"34":{"dtype":"number","min":0.3315819203853607,"max":1.024114727973938},"35":{"dtype":"number","min":-0.2418857365846634,"max":0.035106416791677475},"36":{"dtype":"number","min":-0.02378527820110321,"max":0.6573596000671387},"37":{"dtype":"number","min":0.2620023488998413,"max":1.0894665718078613},"38":{"dtype":"number","min":-0.23583370447158813,"max":0.022739170119166374},"39":{"dtype":"number","min":-0.01581558585166931,"max":0.6474745273590088},"40":{"dtype":"number","min":0.4396929144859314,"max":0.8956679701805115},"41":{"dtype":"number","min":-0.1680900901556015,"max":0.03321642801165581},"42":{"dtype":"number","min":-0.013741284608840942,"max":0.6694227457046509},"43":{"dtype":"number","min":0.40392935276031494,"max":0.9215297698974609},"44":{"dtype":"number","min":-0.20908766984939575,"max":0.04907853156328201},"45":{"dtype":"number","min":-0.0314437597990036,"max":0.6429157853126526},"46":{"dtype":"number","min":0.3522893786430359,"max":0.9933038353919983},"47":{"dtype":"number","min":-0.18312253057956696,"max":0.04431457817554474},"48":{"dtype":"number","min":-0.053559593856334686,"max":0.6123936176300049},"49":{"dtype":"number","min":0.2907903492450714,"max":1.0587289333343506},"50":{"dtype":"number","min":-0.16877338290214539,"max":0.03567401319742203},"51":{"dtype":"number","min":-0.06777773052453995,"max":0.6304668188095093},"52":{"dtype":"number","min":0.46512722969055176,"max":0.9621618390083313},"53":{"dtype":"number","min":-0.15178480744361877,"max":0.04333934560418129},"54":{"dtype":"number","min":-0.05489575117826462,"max":0.6468493342399597},"55":{"dtype":"number","min":0.4201822280883789,"max":0.9352461099624634},"56":{"dtype":"number","min":-0.17931561172008514,"max":0.054496005177497864},"57":{"dtype":"number","min":-0.06240158528089523,"max":0.6235936284065247},"58":{"dtype":"number","min":0.37288838624954224,"max":0.9382603764533997},"59":{"dtype":"number","min":-0.1723850816488266,"max":0.060035333037376404},"60":{"dtype":"number","min":-0.07908446341753006,"max":0.6268136501312256},"61":{"dtype":"number","min":0.3220909535884857,"max":0.983077347278595},"62":{"dtype":"number","min":-0.16652826964855194,"max":0.06233688071370125}},"outputs":{"label":{"dtype":"string","min":0,"max":1,"uniqueValues":["HandUp","ThumbsUp","Fist"],"legend":{"HandUp":[1,0,0],"ThumbsUp":[0,1,0],"Fist":[0,0,1]}}},"isNormalized":true}